Location ID,Country,State,State Code,City,Postal Code,Region
KY-Henderson-42420,United States,Kentucky,KY,Henderson,42420,South
CA-Los Angeles-90036,United States,California,CA,Los Angeles,90036,West
FL-Fort Lauderdale-33311,United States,Florida,FL,Fort Lauderdale,33311,South
CA-Los Angeles-90032,United States,California,CA,Los Angeles,90032,West
NC-Concord-28027,United States,North Carolina,NC,Concord,28027,South
WA-Seattle-98103,United States,Washington,WA,Seattle,98103,West
TX-Fort Worth-76106,United States,Texas,TX,Fort Worth,76106,Central
WI-Madison-53711,United States,Wisconsin,WI,Madison,53711,Central
UT-West Jordan-84084,United States,Utah,UT,West Jordan,84084,West
CA-San Francisco-94109,United States,California,CA,San Francisco,94109,West
NE-Fremont-68025,United States,Nebraska,NE,Fremont,68025,Central
PA-Philadelphia-19140,United States,Pennsylvania,PA,Philadelphia,19140,East
UT-Orem-84057,United States,Utah,UT,Orem,84057,West
CA-Los Angeles-90049,United States,California,CA,Los Angeles,90049,West
TX-Houston-77095,United States,Texas,TX,Houston,77095,Central
TX-Richardson-75080,United States,Texas,TX,Richardson,75080,Central
TX-Houston-77041,United States,Texas,TX,Houston,77041,Central
IL-Naperville-60540,United States,Illinois,IL,Naperville,60540,Central
FL-Melbourne-32935,United States,Florida,FL,Melbourne,32935,South
MN-Eagan-55122,United States,Minnesota,MN,Eagan,55122,Central
MI-Westland-48185,United States,Michigan,MI,Westland,48185,Central
DE-Dover-19901,United States,Delaware,DE,Dover,19901,East
IN-New Albany-47150,United States,Indiana,IN,New Albany,47150,Central
NY-New York City-10024,United States,New York,NY,New York City,10024,East
NY-Troy-12180,United States,New York,NY,Troy,12180,East
CA-Los Angeles-90004,United States,California,CA,Los Angeles,90004,West
IL-Chicago-60610,United States,Illinois,IL,Chicago,60610,Central
AZ-Gilbert-85234,United States,Arizona,AZ,Gilbert,85234,West
VA-Springfield-22153,United States,Virginia,VA,Springfield,22153,South
NY-New York City-10009,United States,New York,NY,New York City,10009,East
MI-Jackson-49201,United States,Michigan,MI,Jackson,49201,Central
TN-Memphis-38109,United States,Tennessee,TN,Memphis,38109,South
TX-Houston-77070,United States,Texas,TX,Houston,77070,Central
AL-Decatur-35601,United States,Alabama,AL,Decatur,35601,South
CA-San Francisco-94122,United States,California,CA,San Francisco,94122,West
NC-Durham-27707,United States,North Carolina,NC,Durham,27707,South
IL-Chicago-60623,United States,Illinois,IL,Chicago,60623,Central
SC-Columbia-29203,United States,South Carolina,SC,Columbia,29203,South
MN-Rochester-55901,United States,Minnesota,MN,Rochester,55901,Central
MN-Minneapolis-55407,United States,Minnesota,MN,Minneapolis,55407,Central
OR-Portland-97206,United States,Oregon,OR,Portland,97206,West
MN-Saint Paul-55106,United States,Minnesota,MN,Saint Paul,55106,Central
CO-Aurora-80013,United States,Colorado,CO,Aurora,80013,West
NC-Charlotte-28205,United States,North Carolina,NC,Charlotte,28205,South
IL-Orland Park-60462,United States,Illinois,IL,Orland Park,60462,Central
NY-New York City-10035,United States,New York,NY,New York City,10035,East
IA-Urbandale-50322,United States,Iowa,IA,Urbandale,50322,Central
OH-Columbus-43229,United States,Ohio,OH,Columbus,43229,East
TN-Bristol-37620,United States,Tennessee,TN,Bristol,37620,South
DE-Wilmington-19805,United States,Delaware,DE,Wilmington,19805,East
IL-Bloomington-61701,United States,Illinois,IL,Bloomington,61701,Central
AZ-Phoenix-85023,United States,Arizona,AZ,Phoenix,85023,West
CA-Roseville-95661,United States,California,CA,Roseville,95661,West
MO-Independence-64055,United States,Missouri,MO,Independence,64055,Central
CA-Pasadena-91104,United States,California,CA,Pasadena,91104,West
OH-Newark-43055,United States,Ohio,OH,Newark,43055,East
WI-Franklin-53132,United States,Wisconsin,WI,Franklin,53132,Central
AZ-Scottsdale-85254,United States,Arizona,AZ,Scottsdale,85254,West
CA-San Jose-95123,United States,California,CA,San Jose,95123,West
WA-Seattle-98105,United States,Washington,WA,Seattle,98105,West
WA-Seattle-98115,United States,Washington,WA,Seattle,98115,West
OK-Edmond-73034,United States,Oklahoma,OK,Edmond,73034,Central
CA-Los Angeles-90045,United States,California,CA,Los Angeles,90045,West
PA-Philadelphia-19134,United States,Pennsylvania,PA,Philadelphia,19134,East
NM-Carlsbad-88220,United States,New Mexico,NM,Carlsbad,88220,West
TX-San Antonio-78207,United States,Texas,TX,San Antonio,78207,Central
TX-Houston-77036,United States,Texas,TX,Houston,77036,Central
IL-Decatur-62521,United States,Illinois,IL,Decatur,62521,Central
LA-Monroe-71203,United States,Louisiana,LA,Monroe,71203,South
CT-Fairfield-6824,United States,Connecticut,CT,Fairfield,6824,East
TX-Grand Prairie-75051,United States,Texas,TX,Grand Prairie,75051,Central
CA-Redlands-92374,United States,California,CA,Redlands,92374,West
OH-Hamilton-45011,United States,Ohio,OH,Hamilton,45011,East
NJ-Westfield-7090,United States,New Jersey,NJ,Westfield,7090,East
PA-Philadelphia-19120,United States,Pennsylvania,PA,Philadelphia,19120,East
OH-Akron-44312,United States,Ohio,OH,Akron,44312,East
CO-Denver-80219,United States,Colorado,CO,Denver,80219,West
TX-Dallas-75220,United States,Texas,TX,Dallas,75220,Central
TN-Franklin-37064,United States,Tennessee,TN,Franklin,37064,South
CA-Whittier-90604,United States,California,CA,Whittier,90604,West
MI-Saginaw-48601,United States,Michigan,MI,Saginaw,48601,Central
OH-Medina-44256,United States,Ohio,OH,Medina,44256,East
OH-Dublin-43017,United States,Ohio,OH,Dublin,43017,East
MI-Detroit-48227,United States,Michigan,MI,Detroit,48227,Central
TN-Columbia-38401,United States,Tennessee,TN,Columbia,38401,South
FL-Tampa-33614,United States,Florida,FL,Tampa,33614,South
CA-Santa Clara-95051,United States,California,CA,Santa Clara,95051,West
MN-Lakeville-55044,United States,Minnesota,MN,Lakeville,55044,Central
CA-San Diego-92037,United States,California,CA,San Diego,92037,West
TX-Pasadena-77506,United States,Texas,TX,Pasadena,77506,Central
CA-Brentwood-94513,United States,California,CA,Brentwood,94513,West
NC-Chapel Hill-27514,United States,North Carolina,NC,Chapel Hill,27514,South
NJ-Morristown-7960,United States,New Jersey,NJ,Morristown,7960,East
OH-Cincinnati-45231,United States,Ohio,OH,Cincinnati,45231,East
CA-San Francisco-94110,United States,California,CA,San Francisco,94110,West
CA-Inglewood-90301,United States,California,CA,Inglewood,90301,West
FL-Tamarac-33319,United States,Florida,FL,Tamarac,33319,South
CO-Colorado Springs-80906,United States,Colorado,CO,Colorado Springs,80906,West
NJ-Belleville-7109,United States,New Jersey,NJ,Belleville,7109,East
MI-Taylor-48180,United States,Michigan,MI,Taylor,48180,Central
NJ-Lakewood-8701,United States,New Jersey,NJ,Lakewood,8701,East
VA-Arlington-22204,United States,Virginia,VA,Arlington,22204,South
CO-Arvada-80004,United States,Colorado,CO,Arvada,80004,West
NJ-Hackensack-7601,United States,New Jersey,NJ,Hackensack,7601,East
FL-Saint Petersburg-33710,United States,Florida,FL,Saint Petersburg,33710,South
PA-Philadelphia-19143,United States,Pennsylvania,PA,Philadelphia,19143,East
CA-Long Beach-90805,United States,California,CA,Long Beach,90805,West
CA-Hesperia-92345,United States,California,CA,Hesperia,92345,West
TN-Murfreesboro-37130,United States,Tennessee,TN,Murfreesboro,37130,South
UT-Layton-84041,United States,Utah,UT,Layton,84041,West
TX-Austin-78745,United States,Texas,TX,Austin,78745,Central
MA-Lowell-1852,United States,Massachusetts,MA,Lowell,1852,East
GA-Columbus-31907,United States,Georgia,GA,Columbus,31907,South
CT-Manchester-6040,United States,Connecticut,CT,Manchester,6040,East
TX-Harlingen-78550,United States,Texas,TX,Harlingen,78550,Central
AZ-Tucson-85705,United States,Arizona,AZ,Tucson,85705,West
IL-Quincy-62301,United States,Illinois,IL,Quincy,62301,Central
MA-Franklin-2038,United States,Massachusetts,MA,Franklin,2038,East
FL-Pembroke Pines-33024,United States,Florida,FL,Pembroke Pines,33024,South
WA-Des Moines-98198,United States,Washington,WA,Des Moines,98198,West
IL-Peoria-61604,United States,Illinois,IL,Peoria,61604,Central
NV-Las Vegas-89115,United States,Nevada,NV,Las Vegas,89115,West
RI-Warwick-2886,United States,Rhode Island,RI,Warwick,2886,East
FL-Miami-33180,United States,Florida,FL,Miami,33180,South
NC-Wilmington-28403,United States,North Carolina,NC,Wilmington,28403,South
CA-Huntington Beach-92646,United States,California,CA,Huntington Beach,92646,West
KY-Richmond-40475,United States,Kentucky,KY,Richmond,40475,South
CO-Louisville-80027,United States,Colorado,CO,Louisville,80027,West
MA-Lawrence-1841,United States,Massachusetts,MA,Lawrence,1841,East
MS-Jackson-39212,United States,Mississippi,MS,Jackson,39212,South
MI-Canton-48187,United States,Michigan,MI,Canton,48187,Central
NY-New Rochelle-10801,United States,New York,NY,New Rochelle,10801,East
NC-Gastonia-28052,United States,North Carolina,NC,Gastonia,28052,South
FL-Jacksonville-32216,United States,Florida,FL,Jacksonville,32216,South
IN-Columbus-47201,United States,Indiana,IN,Columbus,47201,Central
NY-Auburn-13021,United States,New York,NY,Auburn,13021,East
OK-Norman-73071,United States,Oklahoma,OK,Norman,73071,Central
CA-Concord-94521,United States,California,CA,Concord,94521,West
IL-Park Ridge-60068,United States,Illinois,IL,Park Ridge,60068,Central
TX-Amarillo-79109,United States,Texas,TX,Amarillo,79109,Central
NY-Lindenhurst-11757,United States,New York,NY,Lindenhurst,11757,East
CA-Los Angeles-90008,United States,California,CA,Los Angeles,90008,West
CA-San Diego-92024,United States,California,CA,San Diego,92024,West
TX-Huntsville-77340,United States,Texas,TX,Huntsville,77340,Central
NY-Rochester-14609,United States,New York,NY,Rochester,14609,East
AR-Fayetteville-72701,United States,Arkansas,AR,Fayetteville,72701,South
CA-Costa Mesa-92627,United States,California,CA,Costa Mesa,92627,West
CO-Parker-80134,United States,Colorado,CO,Parker,80134,West
GA-Atlanta-30318,United States,Georgia,GA,Atlanta,30318,South
MO-Gladstone-64118,United States,Missouri,MO,Gladstone,64118,Central
MT-Great Falls-59405,United States,Montana,MT,Great Falls,59405,West
MI-Detroit-48234,United States,Michigan,MI,Detroit,48234,Central
FL-Lakeland-33801,United States,Florida,FL,Lakeland,33801,South
AL-Montgomery-36116,United States,Alabama,AL,Montgomery,36116,South
AZ-Mesa-85204,United States,Arizona,AZ,Mesa,85204,West
IL-Chicago-60653,United States,Illinois,IL,Chicago,60653,Central
WI-Green Bay-54302,United States,Wisconsin,WI,Green Bay,54302,Central
OH-Springfield-45503,United States,Ohio,OH,Springfield,45503,East
CA-Anaheim-92804,United States,California,CA,Anaheim,92804,West
WA-Marysville-98270,United States,Washington,WA,Marysville,98270,West
OR-Salem-97301,United States,Oregon,OR,Salem,97301,West
TX-Laredo-78041,United States,Texas,TX,Laredo,78041,Central
TX-Dallas-75217,United States,Texas,TX,Dallas,75217,Central
OH-Grove City-43123,United States,Ohio,OH,Grove City,43123,East
NY-New York City-10011,United States,New York,NY,New York City,10011,East
MI-Dearborn-48126,United States,Michigan,MI,Dearborn,48126,Central
GA-Warner Robins-31088,United States,Georgia,GA,Warner Robins,31088,South
CA-Vallejo-94591,United States,California,CA,Vallejo,94591,West
CA-Mission Viejo-92691,United States,California,CA,Mission Viejo,92691,West
MI-Rochester Hills-48307,United States,Michigan,MI,Rochester Hills,48307,Central
NJ-Plainfield-7060,United States,New Jersey,NJ,Plainfield,7060,East
AZ-Sierra Vista-85635,United States,Arizona,AZ,Sierra Vista,85635,West
WA-Vancouver-98661,United States,Washington,WA,Vancouver,98661,West
IL-Aurora-60505,United States,Illinois,IL,Aurora,60505,Central
TX-Arlington-76017,United States,Texas,TX,Arlington,76017,Central
KY-Louisville-40214,United States,Kentucky,KY,Louisville,40214,South
TX-Dallas-75081,United States,Texas,TX,Dallas,75081,Central
OH-Cleveland-44105,United States,Ohio,OH,Cleveland,44105,East
TX-Tyler-75701,United States,Texas,TX,Tyler,75701,Central
NC-Burlington-27217,United States,North Carolina,NC,Burlington,27217,South
VA-Waynesboro-22980,United States,Virginia,VA,Waynesboro,22980,South
PA-Chester-19013,United States,Pennsylvania,PA,Chester,19013,East
NC-Cary-27511,United States,North Carolina,NC,Cary,27511,South
FL-Palm Coast-32137,United States,Florida,FL,Palm Coast,32137,South
NY-Mount Vernon-10550,United States,New York,NY,Mount Vernon,10550,East
MI-Detroit-48205,United States,Michigan,MI,Detroit,48205,Central
FL-Hialeah-33012,United States,Florida,FL,Hialeah,33012,South
NY-Oceanside-11572,United States,New York,NY,Oceanside,11572,East
CA-San Diego-92105,United States,California,CA,San Diego,92105,West
IL-Evanston-60201,United States,Illinois,IL,Evanston,60201,Central
MI-Trenton-48183,United States,Michigan,MI,Trenton,48183,Central
MN-Cottage Grove-55016,United States,Minnesota,MN,Cottage Grove,55016,Central
LA-Bossier City-71111,United States,Louisiana,LA,Bossier City,71111,South
IA-Des Moines-50315,United States,Iowa,IA,Des Moines,50315,Central
CA-Lancaster-93534,United States,California,CA,Lancaster,93534,West
VA-Richmond-23223,United States,Virginia,VA,Richmond,23223,South
NC-Asheville-28806,United States,North Carolina,NC,Asheville,28806,South
CA-Lake Elsinore-92530,United States,California,CA,Lake Elsinore,92530,West
NE-Omaha-68104,United States,Nebraska,NE,Omaha,68104,Central
WA-Edmonds-98026,United States,Washington,WA,Edmonds,98026,West
CA-Santa Ana-92704,United States,California,CA,Santa Ana,92704,West
WI-Milwaukee-53209,United States,Wisconsin,WI,Milwaukee,53209,Central
KY-Florence-41042,United States,Kentucky,KY,Florence,41042,South
OH-Lorain-44052,United States,Ohio,OH,Lorain,44052,East
NJ-Linden-7036,United States,New Jersey,NJ,Linden,7036,East
CA-Salinas-93905,United States,California,CA,Salinas,93905,West
NJ-New Brunswick-8901,United States,New Jersey,NJ,New Brunswick,8901,East
PA-Lancaster-17602,United States,Pennsylvania,PA,Lancaster,17602,East
NH-Concord-3301,United States,New Hampshire,NH,Concord,3301,East
MD-Columbia-21044,United States,Maryland,MD,Columbia,21044,East
TX-Garland-75043,United States,Texas,TX,Garland,75043,Central
CT-Norwich-6360,United States,Connecticut,CT,Norwich,6360,East
VA-Alexandria-22304,United States,Virginia,VA,Alexandria,22304,South
OH-Toledo-43615,United States,Ohio,OH,Toledo,43615,East
NM-Farmington-87401,United States,New Mexico,NM,Farmington,87401,West
CA-Riverside-92503,United States,California,CA,Riverside,92503,West
CA-Torrance-90503,United States,California,CA,Torrance,90503,West
TX-Round Rock-78664,United States,Texas,TX,Round Rock,78664,Central
CA-Oceanside-92054,United States,California,CA,Oceanside,92054,West
FL-Boca Raton-33433,United States,Florida,FL,Boca Raton,33433,South
VA-Virginia Beach-23464,United States,Virginia,VA,Virginia Beach,23464,South
CA-Murrieta-92563,United States,California,CA,Murrieta,92563,West
NC-Jacksonville-28540,United States,North Carolina,NC,Jacksonville,28540,South
IA-Burlington-52601,United States,Iowa,IA,Burlington,52601,Central
WA-Olympia-98502,United States,Washington,WA,Olympia,98502,West
DC-Washington-20016,United States,District of Columbia,DC,Washington,20016,East
MO-Jefferson City-65109,United States,Missouri,MO,Jefferson City,65109,Central
MO-Saint Peters-63376,United States,Missouri,MO,Saint Peters,63376,Central
IL-Rockford-61107,United States,Illinois,IL,Rockford,61107,Central
FL-Miami-33142,United States,Florida,FL,Miami,33142,South
TX-Brownsville-78521,United States,Texas,TX,Brownsville,78521,Central
NY-Yonkers-10701,United States,New York,NY,Yonkers,10701,East
CA-Oakland-94601,United States,California,CA,Oakland,94601,West
NC-Monroe-28110,United States,North Carolina,NC,Monroe,28110,South
MD-Clinton-20735,United States,Maryland,MD,Clinton,20735,East
CA-Encinitas-92024,United States,California,CA,Encinitas,92024,West
GA-Roswell-30076,United States,Georgia,GA,Roswell,30076,South
AR-Jonesboro-72401,United States,Arkansas,AR,Jonesboro,72401,South
IN-Richmond-47374,United States,Indiana,IN,Richmond,47374,Central
CA-Antioch-94509,United States,California,CA,Antioch,94509,West
FL-Homestead-33030,United States,Florida,FL,Homestead,33030,South
IN-La Porte-46350,United States,Indiana,IN,La Porte,46350,Central
MI-Lansing-48911,United States,Michigan,MI,Lansing,48911,Central
OH-Cuyahoga Falls-44221,United States,Ohio,OH,Cuyahoga Falls,44221,East
NV-Reno-89502,United States,Nevada,NV,Reno,89502,West
VA-Harrisonburg-22801,United States,Virginia,VA,Harrisonburg,22801,South
CA-Escondido-92025,United States,California,CA,Escondido,92025,West
MI-Royal Oak-48073,United States,Michigan,MI,Royal Oak,48073,Central
MD-Rockville-20852,United States,Maryland,MD,Rockville,20852,East
FL-Coral Springs-33065,United States,Florida,FL,Coral Springs,33065,South
NY-Buffalo-14215,United States,New York,NY,Buffalo,14215,East
FL-Boynton Beach-33437,United States,Florida,FL,Boynton Beach,33437,South
MS-Gulfport-39503,United States,Mississippi,MS,Gulfport,39503,South
CA-Fresno-93727,United States,California,CA,Fresno,93727,West
NC-Greenville-27834,United States,North Carolina,NC,Greenville,27834,South
NY-Long Beach-11561,United States,New York,NY,Long Beach,11561,East
AL-Florence-35630,United States,Alabama,AL,Florence,35630,South
GA-Macon-31204,United States,Georgia,GA,Macon,31204,South
IA-Cedar Rapids-52402,United States,Iowa,IA,Cedar Rapids,52402,Central
RI-Providence-2908,United States,Rhode Island,RI,Providence,2908,East
CO-Pueblo-81001,United States,Colorado,CO,Pueblo,81001,West
CA-Fairfield-94533,United States,California,CA,Fairfield,94533,West
FL-Deltona-32725,United States,Florida,FL,Deltona,32725,South
KY-Murray-42071,United States,Kentucky,KY,Murray,42071,South
CT-Middletown-6457,United States,Connecticut,CT,Middletown,6457,East
NY-Freeport-11520,United States,New York,NY,Freeport,11520,East
CA-Pico Rivera-90660,United States,California,CA,Pico Rivera,90660,West
UT-Provo-84604,United States,Utah,UT,Provo,84604,West
UT-Pleasant Grove-84062,United States,Utah,UT,Pleasant Grove,84062,West
GA-Smyrna-30080,United States,Georgia,GA,Smyrna,30080,South
VA-Salem-24153,United States,Virginia,VA,Salem,24153,South
OH-Parma-44134,United States,Ohio,OH,Parma,44134,East
AL-Mobile-36608,United States,Alabama,AL,Mobile,36608,South
MA-New Bedford-2740,United States,Massachusetts,MA,New Bedford,2740,East
TX-Irving-75061,United States,Texas,TX,Irving,75061,Central
NJ-Vineland-8360,United States,New Jersey,NJ,Vineland,8360,East
AZ-Glendale-85301,United States,Arizona,AZ,Glendale,85301,West
NY-Niagara Falls-14304,United States,New York,NY,Niagara Falls,14304,East
NC-Thomasville-27360,United States,North Carolina,NC,Thomasville,27360,South
CA-Westminster-92683,United States,California,CA,Westminster,92683,West
TN-Jackson-38301,United States,Tennessee,TN,Jackson,38301,South
TX-Coppell-75019,United States,Texas,TX,Coppell,75019,Central
CA-Pomona-91767,United States,California,CA,Pomona,91767,West
NV-North Las Vegas-89031,United States,Nevada,NV,North Las Vegas,89031,West
PA-Allentown-18103,United States,Pennsylvania,PA,Allentown,18103,East
DE-Newark-19711,United States,Delaware,DE,Newark,19711,East
AZ-Tempe-85281,United States,Arizona,AZ,Tempe,85281,West
CA-Laguna Niguel-92677,United States,California,CA,Laguna Niguel,92677,West
NJ-Bridgeton-8302,United States,New Jersey,NJ,Bridgeton,8302,East
MA-Everett-2149,United States,Massachusetts,MA,Everett,2149,East
NY-Watertown-13601,United States,New York,NY,Watertown,13601,East
WI-Appleton-54915,United States,Wisconsin,WI,Appleton,54915,Central
WA-Bellevue-98006,United States,Washington,WA,Bellevue,98006,West
TX-Allen-75002,United States,Texas,TX,Allen,75002,Central
TX-El Paso-79907,United States,Texas,TX,El Paso,79907,Central
TX-Grapevine-76051,United States,Texas,TX,Grapevine,76051,Central
TX-Carrollton-75007,United States,Texas,TX,Carrollton,75007,Central
TN-Smyrna-37167,United States,Tennessee,TN,Smyrna,37167,South
WA-Kent-98031,United States,Washington,WA,Kent,98031,West
LA-Lafayette-70506,United States,Louisiana,LA,Lafayette,70506,South
OR-Tigard-97224,United States,Oregon,OR,Tigard,97224,West
IL-Skokie-60076,United States,Illinois,IL,Skokie,60076,Central
TX-Plano-75023,United States,Texas,TX,Plano,75023,Central
VA-Suffolk-23434,United States,Virginia,VA,Suffolk,23434,South
IN-Indianapolis-46203,United States,Indiana,IN,Indianapolis,46203,Central
NJ-Bayonne-7002,United States,New Jersey,NJ,Bayonne,7002,East
NC-Fayetteville-28314,United States,North Carolina,NC,Fayetteville,28314,South
NC-Greensboro-27405,United States,North Carolina,NC,Greensboro,27405,South
MD-Baltimore-21215,United States,Maryland,MD,Baltimore,21215,East
WI-Kenosha-53142,United States,Wisconsin,WI,Kenosha,53142,Central
KS-Olathe-66062,United States,Kansas,KS,Olathe,66062,Central
WA-Auburn-98002,United States,Washington,WA,Auburn,98002,West
OK-Tulsa-74133,United States,Oklahoma,OK,Tulsa,74133,Central
OR-Redmond-97756,United States,Oregon,OR,Redmond,97756,West
NC-Raleigh-27604,United States,North Carolina,NC,Raleigh,27604,South
OK-Muskogee-74403,United States,Oklahoma,OK,Muskogee,74403,Central
CT-Meriden-6450,United States,Connecticut,CT,Meriden,6450,East
KY-Bowling Green-42104,United States,Kentucky,KY,Bowling Green,42104,South
IN-South Bend-46614,United States,Indiana,IN,South Bend,46614,Central
CT-Bristol-6010,United States,Connecticut,CT,Bristol,6010,East
NV-Henderson-89015,United States,Nevada,NV,Henderson,89015,West
WA-Spokane-99207,United States,Washington,WA,Spokane,99207,West
TX-Keller-76248,United States,Texas,TX,Keller,76248,Central
OH-Fairfield-45014,United States,Ohio,OH,Fairfield,45014,East
FL-Port Orange-32127,United States,Florida,FL,Port Orange,32127,South
OR-Medford-97504,United States,Oregon,OR,Medford,97504,West
VA-Charlottesville-22901,United States,Virginia,VA,Charlottesville,22901,South
MT-Missoula-59801,United States,Montana,MT,Missoula,59801,West
FL-Miami-33178,United States,Florida,FL,Miami,33178,South
SC-Florence-29501,United States,South Carolina,SC,Florence,29501,South
OR-Springfield-97477,United States,Oregon,OR,Springfield,97477,West
FL-Apopka-32712,United States,Florida,FL,Apopka,32712,South
PA-Reading-19601,United States,Pennsylvania,PA,Reading,19601,East
CO-Broomfield-80020,United States,Colorado,CO,Broomfield,80020,West
MO-Springfield-65807,United States,Missouri,MO,Springfield,65807,Central
NJ-Paterson-7501,United States,New Jersey,NJ,Paterson,7501,East
OK-Oklahoma City-73120,United States,Oklahoma,OK,Oklahoma City,73120,Central
VA-Chesapeake-23320,United States,Virginia,VA,Chesapeake,23320,South
TX-Lubbock-79424,United States,Texas,TX,Lubbock,79424,Central
MO-Columbia-65203,United States,Missouri,MO,Columbia,65203,Central
TN-Johnson City-37604,United States,Tennessee,TN,Johnson City,37604,South
AL-Auburn-36830,United States,Alabama,AL,Auburn,36830,South
CA-San Bernardino-92404,United States,California,CA,San Bernardino,92404,West
MA-Leominster-1453,United States,Massachusetts,MA,Leominster,1453,East
MT-Bozeman-59715,United States,Montana,MT,Bozeman,59715,West
AZ-Peoria-85345,United States,Arizona,AZ,Peoria,85345,West
OH-Lakewood-44107,United States,Ohio,OH,Lakewood,44107,East
NJ-Perth Amboy-8861,United States,New Jersey,NJ,Perth Amboy,8861,East
CA-Ontario-91761,United States,California,CA,Ontario,91761,West
CA-Rancho Cucamonga-91730,United States,California,CA,Rancho Cucamonga,91730,West
MN-Moorhead-56560,United States,Minnesota,MN,Moorhead,56560,Central
TX-Mesquite-75150,United States,Texas,TX,Mesquite,75150,Central
CA-Stockton-95207,United States,California,CA,Stockton,95207,West
FL-Ormond Beach-32174,United States,Florida,FL,Ormond Beach,32174,South
CA-Sunnyvale-94086,United States,California,CA,Sunnyvale,94086,West
NH-Dover-3820,United States,New Hampshire,NH,Dover,3820,East
PA-York-17403,United States,Pennsylvania,PA,York,17403,East
TX-College Station-77840,United States,Texas,TX,College Station,77840,Central
MO-Saint Louis-63116,United States,Missouri,MO,Saint Louis,63116,Central
MA-Quincy-2169,United States,Massachusetts,MA,Quincy,2169,East
CA-Manteca-95336,United States,California,CA,Manteca,95336,West
OH-Kent-44240,United States,Ohio,OH,Kent,44240,East
TX-San Angelo-76903,United States,Texas,TX,San Angelo,76903,Central
UT-Salt Lake City-84106,United States,Utah,UT,Salt Lake City,84106,West
AL-Huntsville-35810,United States,Alabama,AL,Huntsville,35810,South
TN-Knoxville-37918,United States,Tennessee,TN,Knoxville,37918,South
AR-Little Rock-72209,United States,Arkansas,AR,Little Rock,72209,South
MI-Lincoln Park-48146,United States,Michigan,MI,Lincoln Park,48146,Central
OH-Marion-43302,United States,Ohio,OH,Marion,43302,East
CO-Littleton-80122,United States,Colorado,CO,Littleton,80122,West
VT-Burlington-5408,United States,Vermont,VT,Burlington,5408,East
ME-Bangor-4401,United States,Maine,ME,Bangor,4401,East
MS-Southaven-38671,United States,Mississippi,MS,Southaven,38671,South
IN-New Castle-47362,United States,Indiana,IN,New Castle,47362,Central
MI-Midland-48640,United States,Michigan,MI,Midland,48640,Central
SD-Sioux Falls-57103,United States,South Dakota,SD,Sioux Falls,57103,Central
CO-Fort Collins-80525,United States,Colorado,CO,Fort Collins,80525,West
IN-Lafayette-47905,United States,Indiana,IN,Lafayette,47905,Central
TN-Clarksville-37042,United States,Tennessee,TN,Clarksville,37042,South
CA-Sacramento-95823,United States,California,CA,Sacramento,95823,West
CA-Thousand Oaks-91360,United States,California,CA,Thousand Oaks,91360,West
MA-Malden-2148,United States,Massachusetts,MA,Malden,2148,East
MA-Holyoke-1040,United States,Massachusetts,MA,Holyoke,1040,East
NM-Albuquerque-87105,United States,New Mexico,NM,Albuquerque,87105,West
NV-Sparks-89431,United States,Nevada,NV,Sparks,89431,West
CA-Coachella-92236,United States,California,CA,Coachella,92236,West
IL-Elmhurst-60126,United States,Illinois,IL,Elmhurst,60126,Central
NJ-Passaic-7055,United States,New Jersey,NJ,Passaic,7055,East
SC-North Charleston-29406,United States,South Carolina,SC,North Charleston,29406,South
VA-Newport News-23602,United States,Virginia,VA,Newport News,23602,South
NY-Jamestown-14701,United States,New York,NY,Jamestown,14701,East
IN-Mishawaka-46544,United States,Indiana,IN,Mishawaka,46544,Central
OH-Bowling Green-43402,United States,Ohio,OH,Bowling Green,43402,East
CA-La Quinta-92253,United States,California,CA,La Quinta,92253,West
FL-Tallahassee-32303,United States,Florida,FL,Tallahassee,32303,South
TN-Nashville-37211,United States,Tennessee,TN,Nashville,37211,South
WA-Bellingham-98226,United States,Washington,WA,Bellingham,98226,West
IL-Woodstock-60098,United States,Illinois,IL,Woodstock,60098,Central
TX-Haltom City-76117,United States,Texas,TX,Haltom City,76117,Central
IL-Wheeling-60090,United States,Illinois,IL,Wheeling,60090,Central
SC-Summerville-29483,United States,South Carolina,SC,Summerville,29483,South
AR-Hot Springs-71901,United States,Arkansas,AR,Hot Springs,71901,South
CO-Englewood-80112,United States,Colorado,CO,Englewood,80112,West
OH-Lancaster-43130,United States,Ohio,OH,Lancaster,43130,East
NM-Las Cruces-88001,United States,New Mexico,NM,Las Cruces,88001,West
AL-Hoover-35244,United States,Alabama,AL,Hoover,35244,South
TX-Frisco-75034,United States,Texas,TX,Frisco,75034,Central
CA-Vacaville-95687,United States,California,CA,Vacaville,95687,West
UT-Murray-84107,United States,Utah,UT,Murray,84107,West
WI-Waukesha-53186,United States,Wisconsin,WI,Waukesha,53186,Central
CA-Bakersfield-93309,United States,California,CA,Bakersfield,93309,West
FL-Pompano Beach-33068,United States,Florida,FL,Pompano Beach,33068,South
OH-Troy-45373,United States,Ohio,OH,Troy,45373,East
TX-Corpus Christi-78415,United States,Texas,TX,Corpus Christi,78415,Central
CA-Redondo Beach-90278,United States,California,CA,Redondo Beach,90278,West
FL-Orlando-32839,United States,Florida,FL,Orlando,32839,South
NJ-Orange-7050,United States,New Jersey,NJ,Orange,7050,East
LA-Lake Charles-70601,United States,Louisiana,LA,Lake Charles,70601,South
IL-Highland Park-60035,United States,Illinois,IL,Highland Park,60035,Central
NY-Hempstead-11550,United States,New York,NY,Hempstead,11550,East
IN-Noblesville-46060,United States,Indiana,IN,Noblesville,46060,Central
MN-Apple Valley-55124,United States,Minnesota,MN,Apple Valley,55124,Central
SC-Mount Pleasant-29464,United States,South Carolina,SC,Mount Pleasant,29464,South
MI-Sterling Heights-48310,United States,Michigan,MI,Sterling Heights,48310,Central
WI-Eau Claire-54703,United States,Wisconsin,WI,Eau Claire,54703,Central
TX-Pharr-78577,United States,Texas,TX,Pharr,78577,Central
MT-Billings-59102,United States,Montana,MT,Billings,59102,West
OR-Gresham-97030,United States,Oregon,OR,Gresham,97030,West
TN-Chattanooga-37421,United States,Tennessee,TN,Chattanooga,37421,South
ID-Meridian-83642,United States,Idaho,ID,Meridian,83642,West
CA-Apple Valley-92307,United States,California,CA,Apple Valley,92307,West
IL-Bolingbrook-60440,United States,Illinois,IL,Bolingbrook,60440,Central
MN-Maple Grove-55369,United States,Minnesota,MN,Maple Grove,55369,Central
CA-Woodland-95695,United States,California,CA,Woodland,95695,West
TX-Missouri City-77489,United States,Texas,TX,Missouri City,77489,Central
TX-Pearland-77581,United States,Texas,TX,Pearland,77581,Central
CA-San Mateo-94403,United States,California,CA,San Mateo,94403,West
MI-Grand Rapids-49505,United States,Michigan,MI,Grand Rapids,49505,Central
CA-Visalia-93277,United States,California,CA,Visalia,93277,West
KS-Overland Park-66212,United States,Kansas,KS,Overland Park,66212,Central
CA-Temecula-92592,United States,California,CA,Temecula,92592,West
CA-Yucaipa-92399,United States,California,CA,Yucaipa,92399,West
MA-Revere-2151,United States,Massachusetts,MA,Revere,2151,East
TX-Conroe-77301,United States,Texas,TX,Conroe,77301,Central
IL-Tinley Park-60477,United States,Illinois,IL,Tinley Park,60477,Central
IA-Dubuque-52001,United States,Iowa,IA,Dubuque,52001,Central
MI-Dearborn Heights-48127,United States,Michigan,MI,Dearborn Heights,48127,Central
NM-Santa Fe-87505,United States,New Mexico,NM,Santa Fe,87505,West
NC-Hickory-28601,United States,North Carolina,NC,Hickory,28601,South
IL-Carol Stream-60188,United States,Illinois,IL,Carol Stream,60188,Central
MN-Saint Cloud-56301,United States,Minnesota,MN,Saint Cloud,56301,Central
FL-North Miami-33161,United States,Florida,FL,North Miami,33161,South
IN-Lawrence-46226,United States,Indiana,IN,Lawrence,46226,Central
FL-Plantation-33317,United States,Florida,FL,Plantation,33317,South
FL-Port Saint Lucie-34952,United States,Florida,FL,Port Saint Lucie,34952,South
SC-Rock Hill-29730,United States,South Carolina,SC,Rock Hill,29730,South
TX-Odessa-79762,United States,Texas,TX,Odessa,79762,Central
WI-West Allis-53214,United States,Wisconsin,WI,West Allis,53214,Central
CA-Chula Vista-91911,United States,California,CA,Chula Vista,91911,West
KS-Manhattan-66502,United States,Kansas,KS,Manhattan,66502,Central
PA-Altoona-16602,United States,Pennsylvania,PA,Altoona,16602,East
CO-Thornton-80229,United States,Colorado,CO,Thornton,80229,West
IL-Champaign-61821,United States,Illinois,IL,Champaign,61821,Central
IN-Bloomington-47401,United States,Indiana,IN,Bloomington,47401,Central
AR-Texarkana-71854,United States,Arkansas,AR,Texarkana,71854,South
TX-Edinburg-78539,United States,Texas,TX,Edinburg,78539,Central
TX-Baytown-77520,United States,Texas,TX,Baytown,77520,Central
IN-Greenwood-46142,United States,Indiana,IN,Greenwood,46142,Central
CA-Lakewood-90712,United States,California,CA,Lakewood,90712,West
RI-Woonsocket-2895,United States,Rhode Island,RI,Woonsocket,2895,East
WI-Superior-54880,United States,Wisconsin,WI,Superior,54880,Central
TX-Bedford-76021,United States,Texas,TX,Bedford,76021,Central
WA-Covington-98042,United States,Washington,WA,Covington,98042,West
OK-Broken Arrow-74012,United States,Oklahoma,OK,Broken Arrow,74012,Central
FL-Miramar-33023,United States,Florida,FL,Miramar,33023,South
FL-Hollywood-33021,United States,Florida,FL,Hollywood,33021,South
TX-Deer Park-77536,United States,Texas,TX,Deer Park,77536,Central
KS-Wichita-67212,United States,Kansas,KS,Wichita,67212,Central
TX-Mcallen-78501,United States,Texas,TX,Mcallen,78501,Central
IA-Iowa City-52240,United States,Iowa,IA,Iowa City,52240,Central
ID-Boise-83704,United States,Idaho,ID,Boise,83704,West
RI-Cranston-2920,United States,Rhode Island,RI,Cranston,2920,East
IL-Freeport-61032,United States,Illinois,IL,Freeport,61032,Central
TX-Port Arthur-77642,United States,Texas,TX,Port Arthur,77642,Central
CA-Citrus Heights-95610,United States,California,CA,Citrus Heights,95610,West
TX-The Colony-75056,United States,Texas,TX,The Colony,75056,Central
WA-Redmond-98052,United States,Washington,WA,Redmond,98052,West
FL-Daytona Beach-32114,United States,Florida,FL,Daytona Beach,32114,South
AZ-Bullhead City-86442,United States,Arizona,AZ,Bullhead City,86442,West
IN-Portage-46368,United States,Indiana,IN,Portage,46368,Central
ND-Fargo-58103,United States,North Dakota,ND,Fargo,58103,Central
IN-Elkhart-46514,United States,Indiana,IN,Elkhart,46514,Central
CA-San Gabriel-91776,United States,California,CA,San Gabriel,91776,West
FL-Margate-33063,United States,Florida,FL,Margate,33063,South
GA-Sandy Springs-30328,United States,Georgia,GA,Sandy Springs,30328,South
OH-Mentor-44060,United States,Ohio,OH,Mentor,44060,East
OK-Lawton-73505,United States,Oklahoma,OK,Lawton,73505,Central
VA-Hampton-23666,United States,Virginia,VA,Hampton,23666,South
NY-Rome-13440,United States,New York,NY,Rome,13440,East
WI-La Crosse-54601,United States,Wisconsin,WI,La Crosse,54601,Central
ID-Lewiston-83501,United States,Idaho,ID,Lewiston,83501,West
MS-Hattiesburg-39401,United States,Mississippi,MS,Hattiesburg,39401,South
CA-Danville-94526,United States,California,CA,Danville,94526,West
MI-Mount Pleasant-48858,United States,Michigan,MI,Mount Pleasant,48858,Central
UT-Logan-84321,United States,Utah,UT,Logan,84321,West
CT-Waterbury-6708,United States,Connecticut,CT,Waterbury,6708,East
GA-Athens-30605,United States,Georgia,GA,Athens,30605,South
ME-Lewiston-4240,United States,Maine,ME,Lewiston,4240,East
IL-Danville-61832,United States,Illinois,IL,Danville,61832,Central
AZ-Avondale-85323,United States,Arizona,AZ,Avondale,85323,West
GA-Marietta-30062,United States,Georgia,GA,Marietta,30062,South
AZ-Yuma-85364,United States,Arizona,AZ,Yuma,85364,West
WI-Wausau-54401,United States,Wisconsin,WI,Wausau,54401,Central
WA-Pasco-99301,United States,Washington,WA,Pasco,99301,West
IL-Oak Park-60302,United States,Illinois,IL,Oak Park,60302,Central
FL-Pensacola-32503,United States,Florida,FL,Pensacola,32503,South
TX-League City-77573,United States,Texas,TX,League City,77573,Central
MD-Gaithersburg-20877,United States,Maryland,MD,Gaithersburg,20877,East
UT-Lehi-84043,United States,Utah,UT,Lehi,84043,West
AL-Tuscaloosa-35401,United States,Alabama,AL,Tuscaloosa,35401,South
CA-Moreno Valley-92553,United States,California,CA,Moreno Valley,92553,West
KY-Georgetown-40324,United States,Kentucky,KY,Georgetown,40324,South
CO-Loveland-80538,United States,Colorado,CO,Loveland,80538,West
AZ-Chandler-85224,United States,Arizona,AZ,Chandler,85224,West
MT-Helena-59601,United States,Montana,MT,Helena,59601,West
MO-Kirkwood-63122,United States,Missouri,MO,Kirkwood,63122,Central
TX-Waco-76706,United States,Texas,TX,Waco,76706,Central
MI-Roseville-48066,United States,Michigan,MI,Roseville,48066,Central
IL-Frankfort-60423,United States,Illinois,IL,Frankfort,60423,Central
PA-Bethlehem-18018,United States,Pennsylvania,PA,Bethlehem,18018,East
MN-Roseville-55113,United States,Minnesota,MN,Roseville,55113,Central
NE-Grand Island-68801,United States,Nebraska,NE,Grand Island,68801,Central
MN-Woodbury-55125,United States,Minnesota,MN,Woodbury,55125,Central
MI-Oak Park-48237,United States,Michigan,MI,Oak Park,48237,Central
AR-Rogers-72756,United States,Arkansas,AR,Rogers,72756,South
NM-Clovis-88101,United States,New Mexico,NM,Clovis,88101,West
FL-Jupiter-33458,United States,Florida,FL,Jupiter,33458,South
CA-Santa Barbara-93101,United States,California,CA,Santa Barbara,93101,West
TX-Cedar Hill-75104,United States,Texas,TX,Cedar Hill,75104,Central
NE-Norfolk-68701,United States,Nebraska,NE,Norfolk,68701,Central
UT-Draper-84020,United States,Utah,UT,Draper,84020,West
MI-Ann Arbor-48104,United States,Michigan,MI,Ann Arbor,48104,Central
CA-La Mesa-91941,United States,California,CA,La Mesa,91941,West
ID-Pocatello-83201,United States,Idaho,ID,Pocatello,83201,West
MI-Holland-49423,United States,Michigan,MI,Holland,49423,Central
CT-Milford-6460,United States,Connecticut,CT,Milford,6460,East
IL-Buffalo Grove-60089,United States,Illinois,IL,Buffalo Grove,60089,Central
CA-Lake Forest-92630,United States,California,CA,Lake Forest,92630,West
CA-Redding-96003,United States,California,CA,Redding,96003,West
CA-Chico-95928,United States,California,CA,Chico,95928,West
NY-Utica-13501,United States,New York,NY,Utica,13501,East
AR-Conway-72032,United States,Arkansas,AR,Conway,72032,South
WY-Cheyenne-82001,United States,Wyoming,WY,Cheyenne,82001,West
KY-Owensboro-42301,United States,Kentucky,KY,Owensboro,42301,South
ID-Caldwell-83605,United States,Idaho,ID,Caldwell,83605,West
LA-Kenner-70065,United States,Louisiana,LA,Kenner,70065,South
NH-Nashua-3060,United States,New Hampshire,NH,Nashua,3060,East
TN-Bartlett-38134,United States,Tennessee,TN,Bartlett,38134,South
CA-Redwood City-94061,United States,California,CA,Redwood City,94061,West
TN-Lebanon-37087,United States,Tennessee,TN,Lebanon,37087,South
CA-Santa Maria-93454,United States,California,CA,Santa Maria,93454,West
IL-Des Plaines-60016,United States,Illinois,IL,Des Plaines,60016,Central
WA-Longview-98632,United States,Washington,WA,Longview,98632,West
TN-Hendersonville-37075,United States,Tennessee,TN,Hendersonville,37075,South
IA-Waterloo-50701,United States,Iowa,IA,Waterloo,50701,Central
MA-Cambridge-2138,United States,Massachusetts,MA,Cambridge,2138,East
IL-Palatine-60067,United States,Illinois,IL,Palatine,60067,Central
MA-Beverly-1915,United States,Massachusetts,MA,Beverly,1915,East
OR-Eugene-97405,United States,Oregon,OR,Eugene,97405,West
CA-Oxnard-93030,United States,California,CA,Oxnard,93030,West
WA-Renton-98059,United States,Washington,WA,Renton,98059,West
IL-Glenview-60025,United States,Illinois,IL,Glenview,60025,Central
FL-Delray Beach-33445,United States,Florida,FL,Delray Beach,33445,South
CO-Commerce City-80022,United States,Colorado,CO,Commerce City,80022,West
TX-Texas City-77590,United States,Texas,TX,Texas City,77590,Central
NC-Wilson-27893,United States,North Carolina,NC,Wilson,27893,South
NM-Rio Rancho-87124,United States,New Mexico,NM,Rio Rancho,87124,West
NC-Goldsboro-27534,United States,North Carolina,NC,Goldsboro,27534,South
WA-Everett-98208,United States,Washington,WA,Everett,98208,West
CA-Montebello-90640,United States,California,CA,Montebello,90640,West
CA-El Cajon-92020,United States,California,CA,El Cajon,92020,West
TX-Beaumont-77705,United States,Texas,TX,Beaumont,77705,Central
FL-West Palm Beach-33407,United States,Florida,FL,West Palm Beach,33407,South
TX-Abilene-79605,United States,Texas,TX,Abilene,79605,Central
IL-Normal-61761,United States,Illinois,IL,Normal,61761,Central
MO-Saint Charles-63301,United States,Missouri,MO,Saint Charles,63301,Central
IL-Saint Charles-60174,United States,Illinois,IL,Saint Charles,60174,Central
CA-Camarillo-93010,United States,California,CA,Camarillo,93010,West
OR-Hillsboro-97123,United States,Oregon,OR,Hillsboro,97123,West
CA-Burbank-91505,United States,California,CA,Burbank,91505,West
CA-Modesto-95351,United States,California,CA,Modesto,95351,West
KS-Garden City-67846,United States,Kansas,KS,Garden City,67846,Central
NJ-Atlantic City-8401,United States,New Jersey,NJ,Atlantic City,8401,East
CO-Longmont-80501,United States,Colorado,CO,Longmont,80501,West
CA-Davis-95616,United States,California,CA,Davis,95616,West
WV-Wheeling-26003,United States,West Virginia,WV,Wheeling,26003,East
CA-Morgan Hill-95037,United States,California,CA,Morgan Hill,95037,West
NJ-Clifton-7011,United States,New Jersey,NJ,Clifton,7011,East
WI-Sheboygan-53081,United States,Wisconsin,WI,Sheboygan,53081,Central
GA-East Point-30344,United States,Georgia,GA,East Point,30344,South
SD-Rapid City-57701,United States,South Dakota,SD,Rapid City,57701,Central
MA-Andover-1810,United States,Massachusetts,MA,Andover,1810,East
FL-Kissimmee-34741,United States,Florida,FL,Kissimmee,34741,South
CT-Shelton-6484,United States,Connecticut,CT,Shelton,6484,East
CT-Danbury-6810,United States,Connecticut,CT,Danbury,6810,East
IA-Marion-52302,United States,Iowa,IA,Marion,52302,Central
FL-Sanford-32771,United States,Florida,FL,Sanford,32771,South
TX-San Marcos-78666,United States,Texas,TX,San Marcos,78666,Central
CO-Greeley-80634,United States,Colorado,CO,Greeley,80634,West
TX-Mansfield-76063,United States,Texas,TX,Mansfield,76063,Central
OH-Elyria-44035,United States,Ohio,OH,Elyria,44035,East
ID-Twin Falls-83301,United States,Idaho,ID,Twin Falls,83301,West
FL-Coral Gables-33134,United States,Florida,FL,Coral Gables,33134,South
IL-Romeoville-60441,United States,Illinois,IL,Romeoville,60441,Central
MA-Marlborough-1752,United States,Massachusetts,MA,Marlborough,1752,East
MD-Laurel-20707,United States,Maryland,MD,Laurel,20707,East
TX-Bryan-77803,United States,Texas,TX,Bryan,77803,Central
AR-Pine Bluff-71603,United States,Arkansas,AR,Pine Bluff,71603,South
SD-Aberdeen-57401,United States,South Dakota,SD,Aberdeen,57401,Central
MD-Hagerstown-21740,United States,Maryland,MD,Hagerstown,21740,East
NJ-East Orange-7017,United States,New Jersey,NJ,East Orange,7017,East
IL-Arlington Heights-60004,United States,Illinois,IL,Arlington Heights,60004,Central
IL-Oswego-60543,United States,Illinois,IL,Oswego,60543,Central
MN-Coon Rapids-55433,United States,Minnesota,MN,Coon Rapids,55433,Central
CA-San Clemente-92672,United States,California,CA,San Clemente,92672,West
CA-Dublin-94568,United States,California,CA,Dublin,94568,West
CA-San Luis Obispo-93405,United States,California,CA,San Luis Obispo,93405,West
AR-Springdale-72762,United States,Arkansas,AR,Springdale,72762,South
CA-Lodi-95240,United States,California,CA,Lodi,95240,West
TX-La Porte-77571,United States,Texas,TX,La Porte,77571,Central
OH-Mason-45040,United States,Ohio,OH,Mason,45040,East
GA-Woodstock-30188,United States,Georgia,GA,Woodstock,30188,South
